set,set_name,set_type,released,n_printings,n_priced,coverage_pct,classification
plst,The List,masters,2019-04-11,4749,0,0.0,GAP
unk,Unknown Event,funny,2023-02-17,506,0,0.0,GAP
mb2,Mystery Booster 2,masters,2024-08-02,384,0,0.0,GAP
soc,Secrets of Strixhaven Commander,commander,2026-04-24,375,0,0.0,GAP
sum,Summer Magic / Edgar,core,1994-06-21,296,0,0.0,GAP
spg,Special Guests,masterpiece,2023-11-17,138,0,0.0,GAP
cmb2,Mystery Booster Playtest Cards 2021,funny,2021-08-20,120,0,0.0,GAP
cmb1,Mystery Booster Playtest Cards 2019,funny,2019-11-07,120,0,0.0,GAP
pclb,Battle for Baldur's Gate Promos,promo,2022-06-10,99,0,0.0,GAP
pfin,Final Fantasy Promos,promo,2025-06-13,94,0,0.0,GAP
pwar,War of the Spark Promos,promo,2019-05-03,92,0,0.0,GAP
pdom,Dominaria Promos,promo,2018-04-27,92,0,0.0,GAP
pstx,Strixhaven: School of Mages Promos,promo,2021-04-23,90,0,0.0,GAP
pmkm,Murders at Karlov Manor Promos,promo,2024-02-09,90,0,0.0,GAP
pbro,The Brothers' War Promos,promo,2022-11-18,89,0,0.0,GAP
pkhm,Kaldheim Promos,promo,2021-02-05,87,0,0.0,GAP
pecl,Lorwyn Eclipsed Promos,promo,2026-01-23,87,0,0.0,GAP
pvow,Innistrad: Crimson Vow Promos,promo,2021-11-19,84,0,0.0,GAP
pmid,Innistrad: Midnight Hunt Promos,promo,2021-09-24,84,0,0.0,GAP
pltr,Tales of Middle-earth Promos,promo,2023-06-23,84,0,0.0,GAP
pafr,Adventures in the Forgotten Realms Promos,promo,2021-07-23,81,0,0.0,GAP
pdmu,Dominaria United Promos,promo,2022-09-09,81,0,0.0,GAP
pmh3,Modern Horizons 3 Promos,promo,2024-06-14,81,0,0.0,GAP
pfdn,Foundations Promos,promo,2024-11-15,81,0,0.0,GAP
ptdm,Tarkir: Dragonstorm Promos,promo,2025-04-11,80,0,0.0,GAP
psnc,Streets of New Capenna Promos,promo,2022-04-29,80,0,0.0,GAP
pmh2,Modern Horizons 2 Promos,promo,2021-05-06,80,0,0.0,GAP
psos,Secrets of Strixhaven Promos,promo,2026-04-24,80,0,0.0,GAP
ptla,Avatar: The Last Airbender Promos,promo,2025-11-21,80,0,0.0,GAP
pone,Phyrexia: All Will Be One Promos,promo,2023-02-10,80,0,0.0,GAP
pmom,March of the Machine Promos,promo,2023-04-21,80,0,0.0,GAP
peoe,Edge of Eternities Promos,promo,2025-08-01,80,0,0.0,GAP
pdsk,Duskmourn: House of Horror Promos,promo,2024-09-27,80,0,0.0,GAP
pblb,Bloomburrow Promos,promo,2024-08-02,80,0,0.0,GAP
pxln,Ixalan Promos,promo,2017-09-29,80,0,0.0,GAP
pwoe,Wilds of Eldraine Promos,promo,2023-09-08,80,0,0.0,GAP
pdft,Aetherdrift Promos,promo,2025-02-14,80,0,0.0,GAP
potj,Outlaws of Thunder Junction Promos,promo,2024-04-19,80,0,0.0,GAP
psoi,Shadows over Innistrad Promos,promo,2016-04-08,79,0,0.0,GAP
pneo,Kamigawa: Neon Dynasty Promos,promo,2022-02-18,77,0,0.0,GAP
pncc,New Capenna Commander Promos,promo,2022-04-29,75,0,0.0,GAP
pm19,Core Set 2019 Promos,promo,2018-07-01,74,0,0.0,GAP
pm20,Core Set 2020 Promos,promo,2019-07-12,73,0,0.0,GAP
pbfz,Battle for Zendikar Promos,promo,2015-10-02,70,0,0.0,GAP
pkld,Kaladesh Promos,promo,2016-09-30,70,0,0.0,GAP
pakh,Amonkhet Promos,promo,2017-04-28,69,0,0.0,GAP
plci,The Lost Caverns of Ixalan Promos,promo,2023-11-17,68,0,0.0,GAP
pspm,Marvel's Spider-Man Promos,promo,2025-09-26,68,0,0.0,GAP
pm21,Core Set 2021 Promos,promo,2020-07-03,68,0,0.0,GAP
piko,Ikoria: Lair of Behemoths Promos,promo,2020-04-24,68,0,0.0,GAP
dci,DCI Promos,promo,2006-10-31,67,0,0.0,GAP
otp,Breaking News,masterpiece,2024-04-19,65,0,0.0,GAP
fca,Final Fantasy: Through the Ages,masterpiece,2025-06-13,64,0,0.0,GAP
pemn,Eldritch Moon Promos,promo,2016-07-22,64,0,0.0,GAP
prix,Rivals of Ixalan Promos,promo,2018-01-19,63,0,0.0,GAP
brr,The Brothers' War Retro Artifacts,masterpiece,2022-11-18,63,0,0.0,GAP
pgrn,Guilds of Ravnica Promos,promo,2018-10-05,60,0,0.0,GAP
ulst,The List (Unfinity Foil Edition),funny,2022-10-07,60,0,0.0,GAP
prna,Ravnica Allegiance Promos,promo,2019-01-25,59,0,0.0,GAP
itp,Introductory Two-Player Set,starter,1996-12-31,57,0,0.0,GAP
gvl,Duel Decks Anthology: Garruk vs. Liliana,duel_deck,2014-12-05,57,0,0.0,GAP
jvc,Duel Decks Anthology: Jace vs. Chandra,duel_deck,2014-12-05,56,0,0.0,GAP
dvd,Duel Decks Anthology: Divine vs. Demonic,duel_deck,2014-12-05,56,0,0.0,GAP
rqs,Rivals Quick Start Set,box,1996-07-01,56,0,0.0,GAP
pogw,Oath of the Gatewatch Promos,promo,2016-01-22,55,0,0.0,GAP
phou,Hour of Devastation Promos,promo,2017-07-14,55,0,0.0,GAP
paer,Aether Revolt Promos,promo,2017-01-20,55,0,0.0,GAP
sch,Store Championships,promo,2022-07-09,50,0,0.0,GAP
sunf,Unfinity Sticker Sheets,funny,2022-10-07,48,0,0.0,GAP
eos,Edge of Eternities: Stellar Sights,masterpiece,2025-08-01,45,0,0.0,GAP
pktk,Khans of Tarkir Promos,promo,2014-09-26,44,0,0.0,GAP
pmei,Media and Collaboration Promos,promo,1995-07-01,44,0,0.0,GAP
pori,Magic Origins Promos,promo,2015-07-17,43,0,0.0,GAP
pdtk,Dragons of Tarkir Promos,promo,2015-03-27,42,0,0.0,GAP
puma,Ultimate Box Topper,masterpiece,2018-12-07,40,0,0.0,GAP
h1r,Modern Horizons 1 Timeshifts,draft_innovation,2021-06-18,40,0,0.0,GAP
pfrf,Fate Reforged Promos,promo,2015-01-23,33,0,0.0,GAP
ugin,Ugin's Fate,promo,2015-01-17,26,0,0.0,GAP
med,Mythic Edition,masterpiece,2018-10-05,24,0,0.0,GAP
p30a,30th Anniversary Play Promos,promo,2022-09-02,23,0,0.0,GAP
phuk,Hachette UK,box,2006-01-01,23,0,0.0,GAP
pbbd,Battlebond Promos,promo,2018-06-08,22,0,0.0,GAP
pza,Teenage Mutant Ninja Turtles Source Material,masterpiece,2026-03-06,20,0,0.0,GAP
pgpx,Grand Prix Promos,promo,2007-02-24,20,0,0.0,GAP
hho,Happy Holidays,funny,2006-12-01,20,0,0.0,GAP
pf25,MagicFest 2025,promo,2025-01-01,19,0,0.0,GAP
cm1,Commander's Arsenal,arsenal,2012-11-02,18,0,0.0,GAP
psus,Junior Super Series,promo,1999-01-01,18,0,0.0,GAP
pw24,Wizards Play Network 2024,promo,2023-10-01,18,0,0.0,GAP
pw25,Wizards Play Network 2025,promo,2025-01-01,17,0,0.0,GAP
pidw,IDW Comics Inserts,promo,2012-02-01,17,0,0.0,GAP
ppro,Pro Tour Promos,promo,2006-10-20,17,0,0.0,GAP
h2r,Modern Horizons 2 Timeshifts,draft_innovation,2024-06-07,16,0,0.0,GAP
hob,The Hobbit,expansion,2026-08-14,15,0,0.0,GAP
drb,From the Vault: Dragons,from_the_vault,2008-08-29,15,0,0.0,GAP
pbig,The Big Score Promos,promo,2025-08-01,14,0,0.0,GAP
pal04,Arena League 2004,promo,2004-01-01,14,0,0.0,GAP
j14,Judge Gift Cards 2014,promo,2014-01-01,13,0,0.0,GAP
purl,URL/Convention Promos,promo,2009-01-01,13,0,0.0,GAP
p10,Magic Player Rewards 2010,promo,2010-01-01,13,0,0.0,GAP
f03,Friday Night Magic 2003,promo,2003-01-01,13,0,0.0,GAP
pm15,Magic 2015 Promos,promo,2014-07-17,13,0,0.0,GAP
p09,Magic Player Rewards 2009,promo,2008-10-03,13,0,0.0,GAP
f07,Friday Night Magic 2007,promo,2007-01-01,12,0,0.0,GAP
f13,Friday Night Magic 2013,promo,2013-01-01,12,0,0.0,GAP
f06,Friday Night Magic 2006,promo,2006-01-01,12,0,0.0,GAP
f15,Friday Night Magic 2015,promo,2015-01-01,12,0,0.0,GAP
f08,Friday Night Magic 2008,promo,2008-01-01,12,0,0.0,GAP
pcmp,Champs and States,promo,2006-03-18,12,0,0.0,GAP
f12,Friday Night Magic 2012,promo,2012-01-01,12,0,0.0,GAP
f16,Friday Night Magic 2016,promo,2016-01-01,12,0,0.0,GAP
pw26,Wizards Play Network 2026,promo,2026-01-01,12,0,0.0,GAP
f04,Friday Night Magic 2004,promo,2004-01-01,12,0,0.0,GAP
f11,Friday Night Magic 2011,promo,2011-01-01,12,0,0.0,GAP
f09,Friday Night Magic 2009,promo,2009-01-01,12,0,0.0,GAP
f02,Friday Night Magic 2002,promo,2002-01-01,12,0,0.0,GAP
f05,Friday Night Magic 2005,promo,2005-01-01,12,0,0.0,GAP
f10,Friday Night Magic 2010,promo,2010-01-01,12,0,0.0,GAP
f14,Friday Night Magic 2014,promo,2014-01-01,12,0,0.0,GAP
pal01,Arena League 2001,promo,2001-01-01,11,0,0.0,GAP
fnm,Friday Night Magic 2000,promo,2000-01-01,11,0,0.0,GAP
pal00,Arena League 2000,promo,2000-01-01,11,0,0.0,GAP
pj21,Judge Gift Cards 2021,promo,2021-01-01,10,0,0.0,GAP
g09,Judge Gift Cards 2009,promo,2009-01-01,10,0,0.0,GAP
j20,Judge Gift Cards 2020,promo,2020-01-01,10,0,0.0,GAP
p22,Judge Gift Cards 2022,promo,2022-01-01,10,0,0.0,GAP
q06,Pioneer Challenger Decks 2021,box,2021-10-15,10,0,0.0,GAP
pewk,Eternal Weekend,promo,2022-11-26,10,0,0.0,GAP
pxtc,XLN Treasure Chest,promo,2017-11-24,10,0,0.0,GAP
pjou,Journey into Nyx Promos,promo,2014-04-26,10,0,0.0,GAP
pgtc,Gatecrash Promos,promo,2013-01-26,10,0,0.0,GAP
p23,Judge Gift Cards 2023,promo,2023-01-01,10,0,0.0,GAP
pths,Theros Promos,promo,2013-09-21,10,0,0.0,GAP
pspl,Spotlight Series,promo,2025-01-03,10,0,0.0,GAP
prtr,Return to Ravnica Promos,promo,2012-10-05,10,0,0.0,GAP
mgb,Multiverse Gift Box,box,1996-11-01,10,0,0.0,GAP
pbng,Born of the Gods Promos,promo,2014-02-01,9,0,0.0,GAP
j17,Judge Gift Cards 2017,promo,2017-01-01,9,0,0.0,GAP
f17,Friday Night Magic 2017,promo,2017-01-01,9,0,0.0,GAP
pal06,Arena League 2006,promo,2006-01-01,9,0,0.0,GAP
msc,Marvel Super Heroes Commander,commander,2026-06-26,9,0,0.0,GAP
pw23,Wizards Play Network 2023,promo,2023-01-01,9,0,0.0,GAP
pal99,Arena League 1999,promo,1999-01-01,9,0,0.0,GAP
gdy,Game Day Promos,promo,2022-04-08,9,0,0.0,GAP
g11,Judge Gift Cards 2011,promo,2011-01-01,8,0,0.0,GAP
pal03,Arena League 2003,promo,2003-01-01,8,0,0.0,GAP
j13,Judge Gift Cards 2013,promo,2013-01-01,8,0,0.0,GAP
j18,Judge Gift Cards 2018,promo,2018-01-01,8,0,0.0,GAP
j16,Judge Gift Cards 2016,promo,2016-01-01,8,0,0.0,GAP
j12,Judge Gift Cards 2012,promo,2012-01-01,8,0,0.0,GAP
j19,Judge Gift Cards 2019,promo,2019-04-10,8,0,0.0,GAP
g10,Judge Gift Cards 2010,promo,2010-01-01,8,0,0.0,GAP
pmat,March of the Machine: The Aftermath Promos,promo,2023-11-17,8,0,0.0,GAP
pal05,Arena League 2005,promo,2005-01-01,8,0,0.0,GAP
pjse,Junior Series Europe,promo,2005-01-01,8,0,0.0,GAP
j15,Judge Gift Cards 2015,promo,2015-01-01,8,0,0.0,GAP
parl,Arena League 1996,promo,1996-08-02,7,0,0.0,GAP
p06,Magic Player Rewards 2006,promo,2006-01-01,7,0,0.0,GAP
ph19,2019 Heroes of the Realm,funny,2020-08-01,7,0,0.0,GAP
p08,Magic Player Rewards 2008,promo,2008-01-01,7,0,0.0,GAP
p07,Magic Player Rewards 2007,promo,2007-01-01,7,0,0.0,GAP
f01,Friday Night Magic 2001,promo,2001-01-01,7,0,0.0,GAP
p11,Magic Player Rewards 2011,promo,2011-01-01,7,0,0.0,GAP
pjas,Junior APAC Series,promo,2006-01-01,6,0,0.0,GAP
pl24,Year of the Dragon 2024,promo,2024-02-08,6,0,0.0,GAP
cp2,Fate Reforged Clash Pack,starter,2015-01-23,6,0,0.0,GAP
plg21,Love Your LGS 2021,promo,2021-06-22,6,0,0.0,GAP
pw21,Wizards Play Network 2021,promo,2021-06-18,6,0,0.0,GAP
pavr,Avacyn Restored Promos,promo,2012-04-28,6,0,0.0,GAP
pm13,Magic 2013 Promos,promo,2012-07-12,6,0,0.0,GAP
pdgm,Dragon's Maze Promos,promo,2013-04-27,6,0,0.0,GAP
pm14,Magic 2014 Promos,promo,2013-07-18,6,0,0.0,GAP
g04,Judge Gift Cards 2004,promo,2004-01-01,6,0,0.0,GAP
p05,Magic Player Rewards 2005,promo,2005-01-01,6,0,0.0,GAP
cp3,Magic Origins Clash Pack,starter,2015-07-17,6,0,0.0,GAP
pf26,MagicFest 2026,promo,2026-04-13,6,0,0.0,GAP
ps17,San Diego Comic-Con 2017,promo,2017-07-20,6,0,0.0,GAP
cp1,Magic 2015 Clash Pack,starter,2014-07-18,6,0,0.0,GAP
pcmr,Commander Legends Promos,promo,2024-02-09,6,0,0.0,GAP
ps14,San Diego Comic-Con 2014,promo,2014-07-08,6,0,0.0,GAP
ps18,San Diego Comic-Con 2018,promo,2018-07-19,5,0,0.0,GAP
palp,Asia Pacific Land Program,promo,1998-09-01,5,0,0.0,GAP
pcbb,Cowboy Bebop,promo,2024-08-02,5,0,0.0,GAP
pss2,XLN Standard Showdown,promo,2017-09-29,5,0,0.0,GAP
g17,2017 Gift Pack,box,2017-10-20,5,0,0.0,GAP
pss4,MKM Standard Showdown,promo,2024-02-10,5,0,0.0,GAP
pss3,M19 Standard Showdown,promo,2018-07-13,5,0,0.0,GAP
prwk,GRN Ravnica Weekend,promo,2018-11-09,5,0,0.0,GAP
pl25,Year of the Snake 2025,promo,2025-02-14,5,0,0.0,GAP
g18,M19 Gift Pack,box,2018-11-16,5,0,0.0,GAP
g08,Judge Gift Cards 2008,promo,2008-01-01,5,0,0.0,GAP
psdc,San Diego Comic-Con 2013,promo,2013-07-18,5,0,0.0,GAP
pgru,Guru,promo,1999-07-12,5,0,0.0,GAP
wmc,World Magic Cup Qualifiers,promo,2013-04-06,5,0,0.0,GAP
prw2,RNA Ravnica Weekend,promo,2019-02-16,5,0,0.0,GAP
ps16,San Diego Comic-Con 2016,promo,2016-10-01,5,0,0.0,GAP
ph22,2022 Heroes of the Realm,funny,2023-08-01,5,0,0.0,GAP
ppp1,M20 Promo Packs,promo,2019-07-12,5,0,0.0,GAP
ps19,San Diego Comic-Con 2019,promo,2019-07-18,5,0,0.0,GAP
phpr,HarperPrism Book Promos,promo,1994-11-01,5,0,0.0,GAP
pisd,Innistrad Promos,promo,2011-09-24,5,0,0.0,GAP
p30h,30th Anniversary History Promos,promo,2023-03-21,5,0,0.0,GAP
pl23,Year of the Rabbit 2023,promo,2023-02-10,5,0,0.0,GAP
pl21,Year of the Ox 2021,promo,2021-01-25,5,0,0.0,GAP
pal02,Arena League 2002,promo,2002-01-01,5,0,0.0,GAP
ps15,San Diego Comic-Con 2015,promo,2015-07-09,5,0,0.0,GAP
g07,Judge Gift Cards 2007,promo,2007-01-01,5,0,0.0,GAP
pss1,BFZ Standard Series,promo,2015-10-02,5,0,0.0,GAP
pl22,Year of the Tiger 2022,promo,2022-02-25,5,0,0.0,GAP
pdka,Dark Ascension Promos,promo,2012-01-28,5,0,0.0,GAP
pelp,European Land Program,promo,2000-02-05,5,0,0.0,GAP
pw22,Wizards Play Network 2022,promo,2022-03-05,4,0,0.0,GAP
g05,Judge Gift Cards 2005,promo,2005-01-01,4,0,0.0,GAP
lmar,Marvel Legends Series Inserts,promo,2025-09-30,4,0,0.0,GAP
fra,Reality Fracture,expansion,2026-10-02,4,0,0.0,GAP
hoc,The Hobbit Commander,commander,2026-08-14,4,0,0.0,GAP
ph21,2021 Heroes of the Realm,funny,2021-12-25,4,0,0.0,GAP
pwwk,Worldwake Promos,promo,2010-02-05,4,0,0.0,GAP
pzen,Zendikar Promos,promo,2009-10-02,4,0,0.0,GAP
g06,Judge Gift Cards 2006,promo,2006-01-01,4,0,0.0,GAP
pl26,Year of the Horse 2026,promo,2026-02-17,4,0,0.0,GAP
ptkdf,Tarkir Dragonfury,promo,2015-04-03,4,0,0.0,GAP
pltc,Tales of Middle-earth Deluxe Commander Kit,promo,2024-10-16,4,0,0.0,GAP
pf23,MagicFest 2023,promo,2023-07-01,4,0,0.0,GAP
pm11,Magic 2011 Promos,promo,2010-07-15,4,0,0.0,GAP
pnph,New Phyrexia Promos,promo,2011-05-12,4,0,0.0,GAP
ph18,2018 Heroes of the Realm,funny,2019-08-01,4,0,0.0,GAP
pmbs,Mirrodin Besieged Promos,promo,2011-02-03,4,0,0.0,GAP
psom,Scars of Mirrodin Promos,promo,2010-09-30,4,0,0.0,GAP
pdp12,Duels of the Planeswalkers 2012 Promos,promo,2011-01-01,3,0,0.0,GAP
p10e,Tenth Edition Promos,promo,2007-07-13,3,0,0.0,GAP
h17,HasCon 2017,funny,2017-09-20,3,0,0.0,GAP
parb,Alara Reborn Promos,promo,2009-04-25,3,0,0.0,GAP
fdc,Foundations Commander,commander,2024-11-15,3,0,0.0,GAP
ph17,2017 Heroes of the Realm,funny,2018-08-01,3,0,0.0,GAP
jgp,Judge Gift Cards 1998,promo,1998-01-01,3,0,0.0,GAP
p30m,30th Anniversary Misc Promos,promo,2022-09-02,3,0,0.0,GAP
plrw,Lorwyn Promos,promo,2007-09-27,3,0,0.0,GAP
pm10,Magic 2010 Promos,promo,2009-07-16,3,0,0.0,GAP
pr23,Regional Championship Qualifiers 2023,promo,2023-01-07,3,0,0.0,GAP
phtr,2016 Heroes of the Realm,funny,2017-09-20,3,0,0.0,GAP
prcq,Regional Championship Qualifiers 2022,promo,2022-10-01,3,0,0.0,GAP
g03,Judge Gift Cards 2003,promo,2003-01-01,3,0,0.0,GAP
pm12,Magic 2012 Promos,promo,2011-07-14,3,0,0.0,GAP
proe,Rise of the Eldrazi Promos,promo,2010-04-23,3,0,0.0,GAP
ptsp,Time Spiral Promos,promo,2006-09-23,3,0,0.0,GAP
ptg,Ponies: The Galloping,funny,2019-10-22,3,0,0.0,GAP
ptsr,Time Spiral Remastered Promos,promo,2023-09-08,3,0,0.0,GAP
ph20,2020 Heroes of the Realm,funny,2021-08-01,3,0,0.0,GAP
pw11,Wizards Play Network 2011,promo,2011-09-30,3,0,0.0,GAP
pdp14,Duels of the Planeswalkers 2014 Promos,promo,2013-01-01,3,0,0.0,GAP
pdp13,Duels of the Planeswalkers 2013 Promos,promo,2012-01-01,3,0,0.0,GAP
pw12,Wizards Play Network 2012,promo,2012-01-01,3,0,0.0,GAP
pcon,Conflux Promos,promo,2009-01-31,2,0,0.0,GAP
pala,Shards of Alara Promos,promo,2008-10-03,2,0,0.0,GAP
pdis,Dissension Promos,promo,2006-04-22,2,0,0.0,GAP
pdp10,Duels of the Planeswalkers 2010 Promos,promo,2010-01-01,2,0,0.0,GAP
pwor,World Championship Promos,promo,1999-08-04,2,0,0.0,GAP
pgpt,Guildpact Promos,promo,2006-01-21,2,0,0.0,GAP
g01,Judge Gift Cards 2001,promo,2001-01-01,2,0,0.0,GAP
pplc,Planar Chaos Promos,promo,2007-01-20,2,0,0.0,GAP
pfut,Future Sight Promos,promo,2007-04-21,2,0,0.0,GAP
prav,Ravnica: City of Guilds Promos,promo,2005-09-24,2,0,0.0,GAP
g02,Judge Gift Cards 2002,promo,2002-01-01,2,0,0.0,GAP
g00,Judge Gift Cards 2000,promo,2000-01-01,2,0,0.0,GAP
plg22,Love Your LGS 2022,promo,2022-07-01,2,0,0.0,GAP
pjsc,Japan Standard Cup,promo,2026-03-15,2,0,0.0,GAP
pmor,Morningtide Promos,promo,2008-01-19,2,0,0.0,GAP
pbok,Betrayers of Kamigawa Promos,promo,2005-01-22,2,0,0.0,GAP
plg25,Love Your LGS 2025,promo,2025-04-11,2,0,0.0,GAP
psok,Saviors of Kamigawa Promos,promo,2005-05-21,2,0,0.0,GAP
p15a,15th Anniversary Cards,promo,2008-04-01,2,0,0.0,GAP
plg20,Love Your LGS 2020,promo,2020-05-18,2,0,0.0,GAP
pss5,FIN Standard Showdown,promo,2025-06-13,2,0,0.0,GAP
pshm,Shadowmoor Promos,promo,2008-04-19,2,0,0.0,GAP
pdp15,Duels of the Planeswalkers 2015 Promos,promo,2014-07-09,2,0,0.0,GAP
peve,Eventide Promos,promo,2008-07-12,2,0,0.0,GAP
plgm,DCI Legend Membership,promo,1996-07-01,2,0,0.0,GAP
ph23,2023 Heroes of the Realm,funny,2025-08-24,2,0,0.0,GAP
pf24,MagicFest 2024,promo,2024-02-23,2,0,0.0,GAP
pmh1,Modern Horizons Promos,promo,2019-06-14,2,0,0.0,GAP
psth,Stronghold Promos,promo,1998-02-01,1,0,0.0,GAP
p03,Magic Player Rewards 2003,promo,2003-01-01,1,0,0.0,GAP
pdtp,Duels of the Planeswalkers 2009 Promos,promo,2009-01-01,1,0,0.0,GAP
pcsp,Coldsnap Promos,promo,2006-07-08,1,0,0.0,GAP
p8ed,Eighth Edition Promos,promo,2003-07-26,1,0,0.0,GAP
pptk,Portal Three Kingdoms Promos,promo,1999-04-29,1,0,0.0,GAP
mpr,Magic Player Rewards 2001,promo,2001-01-01,1,0,0.0,GAP
pulg,Urza's Legacy Promos,promo,1999-02-06,1,0,0.0,GAP
pmrd,Mirrodin Promos,promo,2003-09-20,1,0,0.0,GAP
pwos,Wizards of the Coast Online Store,promo,1999-09-04,1,0,0.0,GAP
p2hg,Two-Headed Giant Tournament,promo,2005-12-09,1,0,0.0,GAP
p04,Magic Player Rewards 2004,promo,2004-01-01,1,0,0.0,GAP
pdst,Darksteel Promos,promo,2004-01-24,1,0,0.0,GAP
p5dn,Fifth Dawn Promos,promo,2004-05-22,1,0,0.0,GAP
pnem,Nemesis Promos,promo,2000-01-29,1,0,0.0,GAP
ptmp,Tempest Promos,promo,1997-10-01,1,0,0.0,GAP
pchk,Champions of Kamigawa Promos,promo,2004-09-18,1,0,0.0,GAP
plg24,Love Your LGS 2024,promo,2024-07-05,1,0,0.0,GAP
pnat,Nationals Promos,promo,2018-01-25,1,0,0.0,GAP
pcns,Conspiracy Promos,promo,2014-06-06,1,0,0.0,GAP
pmmq,Mercadian Masques Promos,promo,1999-09-25,1,0,0.0,GAP
puds,Urza's Destiny Promos,promo,1999-05-29,1,0,0.0,GAP
g99,Judge Gift Cards 1999,promo,1999-01-01,1,0,0.0,GAP
punh,Unhinged Promos,promo,2004-11-20,1,0,0.0,GAP
p9ed,Ninth Edition Promos,promo,2005-07-29,1,0,0.0,GAP
ppcy,Prophecy Promos,promo,2000-05-27,1,0,0.0,GAP
pexo,Exodus Promos,promo,1998-06-01,1,0,0.0,GAP
pust,Unstable Promos,promo,2017-12-08,1,0,0.0,GAP
plgn,Legions Promos,promo,2003-01-25,1,0,0.0,GAP
pscg,Scourge Promos,promo,2003-05-17,1,0,0.0,GAP
trc,Star Trek Commander,commander,2026-06-22,1,0,0.0,GAP
pdrc,Dragon Con,promo,1994-07-15,1,0,0.0,GAP
pons,Onslaught Promos,promo,2002-09-28,1,0,0.0,GAP
pusg,Urza's Saga Promos,promo,1998-09-26,1,0,0.0,GAP
j22,Jumpstart 2022,draft_innovation,2022-12-02,819,814,99.4,covered
j25,Foundations Jumpstart,draft_innovation,2024-11-15,768,713,92.8,covered
cmm,Commander Masters,masters,2023-08-04,737,725,98.4,covered
clb,Commander Legends: Battle for Baldur's Gate,draft_innovation,2022-06-10,651,639,98.2,covered
dbl,Innistrad: Double Feature,draft_innovation,2022-01-28,532,531,99.8,covered
cmr,Commander Legends,draft_innovation,2020-11-20,531,361,68.0,covered
fdn,Foundations,core,2024-11-15,517,510,98.6,covered
jmp,Jumpstart,draft_innovation,2020-07-17,460,455,98.9,covered
5ed,Fifth Edition,core,1997-03-24,434,429,98.8,covered
tsr,Time Spiral Remastered,masters,2021-03-19,410,286,69.8,covered
ice,Ice Age,expansion,1995-06-03,373,368,98.7,covered
tdc,Tarkir: Dragonstorm Commander,commander,2025-04-11,373,362,97.1,covered
10e,Tenth Edition,core,2007-07-13,368,363,98.6,covered
4ed,Fourth Edition,core,1995-04-01,368,363,98.6,covered
ncc,New Capenna Commander,commander,2022-04-29,350,347,99.1,covered
9ed,Ninth Edition,core,2005-07-29,344,339,98.5,covered
8ed,Eighth Edition,core,2003-07-28,342,337,98.5,covered
ltc,Tales of Middle-earth Commander,commander,2023-06-23,341,265,77.7,covered
c16,Commander 2016,commander,2016-11-11,341,314,92.1,covered
c13,Commander 2013,commander,2013-11-01,341,335,98.2,covered
fic,Final Fantasy Commander,commander,2025-06-13,339,304,89.7,covered
moc,March of the Machine Commander,commander,2023-04-21,338,332,98.2,covered
2xm,Double Masters,masters,2020-08-07,337,332,98.5,covered
scd,Starter Commander Decks,commander,2022-12-02,337,327,97.0,covered
pip,Fallout,commander,2024-03-08,336,307,91.4,covered
ons,Onslaught,expansion,2002-10-07,335,330,98.5,covered
mmq,Mercadian Masques,expansion,1999-10-04,335,330,98.5,covered
7ed,Seventh Edition,core,2001-04-11,335,330,98.5,covered
usg,Urza's Saga,expansion,1998-10-12,335,335,100.0,covered
mir,Mirage,expansion,1996-10-08,335,330,98.5,covered
inv,Invasion,expansion,2000-10-02,335,325,97.0,covered
tmp,Tempest,expansion,1997-10-14,335,330,98.5,covered
ody,Odyssey,expansion,2001-10-01,335,330,98.5,covered
6ed,Classic Sixth Edition,core,1999-04-21,335,330,98.5,covered
2x2,Double Masters 2022,masters,2022-07-08,332,332,100.0,covered
c21,Commander 2021,commander,2021-04-23,329,318,96.7,covered
m20,Core Set 2020,core,2019-07-12,329,324,98.5,covered
c15,Commander 2015,commander,2015-11-13,327,322,98.5,covered
c14,Commander 2014,commander,2014-11-07,322,317,98.4,covered
c20,Commander 2020,commander,2020-04-17,322,321,99.7,covered
m3c,Modern Horizons 3 Commander,commander,2024-06-14,320,319,99.7,covered
who,Doctor Who,commander,2023-10-13,318,308,96.9,covered
lcc,The Lost Caverns of Ixalan Commander,commander,2023-11-17,313,293,93.6,covered
rvr,Ravnica Remastered,masters,2024-01-12,313,281,89.8,covered
blc,Bloomburrow Commander,commander,2024-08-02,312,282,90.4,covered
fin,Final Fantasy,expansion,2025-06-13,312,289,92.6,covered
leg,Legends,expansion,1994-06-01,310,310,100.0,covered
mh3,Modern Horizons 3,draft_innovation,2024-06-14,309,303,98.1,covered
mh2,Modern Horizons 2,draft_innovation,2021-06-18,309,299,96.8,covered
dsc,Duskmourn: House of Horror Commander,commander,2024-09-27,306,287,93.8,covered
otc,Outlaws of Thunder Junction Commander,commander,2024-04-19,306,297,97.1,covered
khm,Kaldheim,expansion,2021-02-05,305,295,96.7,covered
mkc,Murders at Karlov Manor Commander,commander,2024-02-09,304,293,96.4,covered
cmd,Commander 2011,commander,2011-06-17,303,297,98.0,covered
inr,Innistrad Remastered,masters,2025-01-24,300,287,95.7,covered
c17,Commander 2017,commander,2017-08-25,299,282,94.3,covered
m19,Core Set 2019,core,2018-07-13,299,288,96.3,covered
c18,Commander 2018,commander,2018-08-10,297,280,94.3,covered
mom,March of the Machine,expansion,2023-04-21,296,291,98.3,covered
3ed,Revised Edition,core,1994-04-11,296,291,98.3,covered
2ed,Unlimited Edition,core,1993-12-01,292,287,98.3,covered
c19,Commander 2019,commander,2019-08-23,292,275,94.2,covered
leb,Limited Edition Beta,core,1993-10-04,292,287,98.3,covered
rav,Ravnica: City of Guilds,expansion,2005-10-07,291,286,98.3,covered
chk,Champions of Kamigawa,expansion,2004-10-01,291,286,98.3,covered
lci,The Lost Caverns of Ixalan,expansion,2023-11-17,291,286,98.3,covered
mrd,Mirrodin,expansion,2003-10-02,291,286,98.3,covered
lea,Limited Edition Alpha,core,1993-08-05,290,285,98.3,covered
ltr,The Lord of the Rings: Tales of Middle-earth,draft_innovation,2023-06-23,289,277,95.8,covered
cma,Commander Anthology,commander,2017-06-09,289,280,96.9,covered
neo,Kamigawa: Neon Dynasty,expansion,2022-02-18,287,282,98.3,covered
soi,Shadows over Innistrad,expansion,2016-04-08,287,282,98.3,covered
40k,"Warhammer 40,000 Commander",commander,2022-10-07,286,265,92.7,covered
tsp,Time Spiral,expansion,2006-10-06,286,280,97.9,covered
shm,Shadowmoor,expansion,2008-05-02,286,281,98.3,covered
lrw,Lorwyn,expansion,2007-10-12,286,281,98.3,covered
tla,Avatar: The Last Airbender,expansion,2025-11-21,286,281,98.3,covered
eld,Throne of Eldraine,expansion,2019-10-04,285,260,91.2,covered
m21,Core Set 2021,core,2020-07-03,285,278,97.5,covered
woe,Wilds of Eldraine,expansion,2023-09-08,281,261,92.9,covered
bro,The Brothers' War,expansion,2022-11-18,280,272,97.1,covered
stx,Strixhaven: School of Mages,expansion,2021-04-23,280,275,98.2,covered
cm2,Commander Anthology Volume II,commander,2018-06-08,279,257,92.1,covered
mkm,Murders at Karlov Manor,expansion,2024-02-09,279,266,95.3,covered
blb,Bloomburrow,expansion,2024-08-02,279,272,97.5,covered
otj,Outlaws of Thunder Junction,expansion,2024-04-19,276,271,98.2,covered
dsk,Duskmourn: House of Horror,expansion,2024-09-27,276,248,89.9,covered
tdm,Tarkir: Dragonstorm,expansion,2025-04-11,276,271,98.2,covered
dft,Aetherdrift,expansion,2025-02-14,276,271,98.2,covered
afc,Forgotten Realms Commander,commander,2021-07-23,275,267,97.1,covered
xln,Ixalan,expansion,2017-09-29,274,269,98.2,covered
ori,Magic Origins,core,2015-07-17,273,268,98.2,covered
thb,Theros Beyond Death,expansion,2020-01-24,273,267,97.8,covered
ecl,Lorwyn Eclipsed,expansion,2026-01-23,273,268,98.2,covered
akh,Amonkhet,expansion,2017-04-28,272,252,92.6,covered
mid,Innistrad: Midnight Hunt,expansion,2021-09-24,272,267,98.2,covered
vow,Innistrad: Crimson Vow,expansion,2021-11-19,272,267,98.2,covered
one,Phyrexia: All Will Be One,expansion,2023-02-03,271,266,98.2,covered
dmu,Dominaria United,expansion,2022-09-09,271,266,98.2,covered
znr,Zendikar Rising,expansion,2020-09-25,270,265,98.1,covered
m15,Magic 2015,core,2014-07-18,269,264,98.1,covered
clu,Ravnica: Clue Edition,draft_innovation,2024-02-23,268,248,92.5,covered
grn,Guilds of Ravnica,expansion,2018-10-05,268,254,94.8,covered
rna,Ravnica Allegiance,expansion,2019-01-25,268,258,96.3,covered
eoe,Edge of Eternities,expansion,2025-08-01,266,261,98.1,covered
afr,Adventures in the Forgotten Realms,expansion,2021-07-23,266,260,97.7,covered
snc,Streets of New Capenna,expansion,2022-04-29,266,260,97.7,covered
dmr,Dominaria Remastered,masters,2023-01-13,266,251,94.4,covered
war,War of the Spark,expansion,2019-05-03,265,265,100.0,covered
dom,Dominaria,expansion,2018-04-27,265,260,98.1,covered
unf,Unfinity,funny,2022-10-07,265,186,70.2,covered
iko,Ikoria: Lair of Behemoths,expansion,2020-04-24,265,259,97.7,covered
kld,Kaladesh,expansion,2016-09-30,264,259,98.1,covered
mh1,Modern Horizons,draft_innovation,2019-06-14,255,255,100.0,covered
bbd,Battlebond,draft_innovation,2018-06-08,254,254,100.0,covered
bfz,Battle for Zendikar,expansion,2015-10-02,254,249,98.0,covered
ktk,Khans of Tarkir,expansion,2014-09-26,254,249,98.0,covered
uma,Ultimate Masters,masters,2018-12-07,254,253,99.6,covered
isd,Innistrad,expansion,2011-09-30,254,249,98.0,covered
rtr,Return to Ravnica,expansion,2012-10-05,254,249,98.0,covered
dtk,Dragons of Tarkir,expansion,2015-03-27,254,249,98.0,covered
ima,Iconic Masters,masters,2017-11-17,249,249,100.0,covered
ema,Eternal Masters,masters,2016-06-10,249,249,100.0,covered
gtc,Gatecrash,expansion,2013-02-01,249,249,100.0,covered
a25,Masters 25,masters,2018-03-16,249,249,100.0,covered
mm2,Modern Masters 2015,masters,2015-05-22,249,249,100.0,covered
mm3,Modern Masters 2017,masters,2017-03-17,249,249,100.0,covered
tle,Avatar: The Last Airbender Eternal,eternal,2025-11-21,242,154,63.6,covered
m13,Magic 2013,core,2012-07-13,234,229,97.9,covered
m14,Magic 2014,core,2013-07-19,234,229,97.9,covered
som,Scars of Mirrodin,expansion,2010-10-01,234,229,97.9,covered
ths,Theros,expansion,2013-09-27,234,229,97.9,covered
m11,Magic 2011,core,2010-07-16,234,229,97.9,covered
m12,Magic 2012,core,2011-07-15,234,229,97.9,covered
ala,Shards of Alara,expansion,2008-10-03,234,229,97.9,covered
avr,Avacyn Restored,expansion,2012-05-04,234,229,97.9,covered
zen,Zendikar,expansion,2009-10-02,234,229,97.9,covered
m10,Magic 2010,core,2009-07-17,234,229,97.9,covered
roe,Rise of the Eldrazi,expansion,2010-04-23,233,228,97.9,covered
mma,Modern Masters,masters,2013-06-07,229,229,100.0,covered
cn2,Conspiracy: Take the Crown,draft_innovation,2016-08-26,221,221,100.0,covered
ust,Unstable,funny,2017-12-08,217,171,78.8,covered
cns,Conspiracy,draft_innovation,2014-06-06,210,197,93.8,covered
emn,Eldritch Moon,expansion,2016-07-22,208,208,100.0,covered
rix,Rivals of Ixalan,expansion,2018-01-19,205,198,96.6,covered
por,Portal,starter,1997-05-01,200,195,97.5,covered
hou,Hour of Devastation,expansion,2017-07-14,199,184,92.5,covered
tmt,Teenage Mutant Ninja Turtles,expansion,2026-03-06,195,190,97.4,covered
aer,Aether Revolt,expansion,2017-01-20,194,192,99.0,covered
spm,Marvel's Spider-Man,expansion,2025-09-26,193,184,95.3,covered
dmc,Dominaria United Commander,commander,2022-09-09,192,186,96.9,covered
ogw,Oath of the Gatewatch,expansion,2016-01-22,183,182,99.5,covered
frf,Fate Reforged,expansion,2015-01-23,180,175,97.2,covered
fut,Future Sight,expansion,2007-05-04,180,180,100.0,covered
dis,Dissension,expansion,2006-05-05,180,170,94.4,covered
eve,Eventide,expansion,2008-07-25,180,180,100.0,covered
eoc,Edge of Eternities Commander,commander,2025-08-01,171,167,97.7,covered
nph,New Phyrexia,expansion,2011-05-13,170,165,97.1,covered
ptk,Portal Three Kingdoms,starter,1999-05-01,170,165,97.1,covered
wth,Weatherlight,expansion,1997-06-09,167,167,100.0,covered
vis,Visions,expansion,1997-02-03,167,167,100.0,covered
sok,Saviors of Kamigawa,expansion,2005-06-03,165,165,100.0,covered
bok,Betrayers of Kamigawa,expansion,2005-02-04,165,165,100.0,covered
plc,Planar Chaos,expansion,2007-02-02,165,162,98.2,covered
5dn,Fifth Dawn,expansion,2004-06-04,165,165,100.0,covered
gpt,Guildpact,expansion,2006-02-03,165,165,100.0,covered
jou,Journey into Nyx,expansion,2014-05-02,165,165,100.0,covered
dst,Darksteel,expansion,2004-02-06,165,165,100.0,covered
bng,Born of the Gods,expansion,2014-02-07,165,165,100.0,covered
drc,Aetherdrift Commander,commander,2025-02-14,163,157,96.3,covered
dka,Dark Ascension,expansion,2012-02-03,158,158,100.0,covered
s99,Starter 1999,starter,1999-07-01,158,153,96.8,covered
dgm,Dragon's Maze,expansion,2013-05-03,156,141,90.4,covered
p02,Portal Second Age,starter,1998-06-24,155,150,96.8,covered
csp,Coldsnap,expansion,2006-07-21,155,155,100.0,covered
ecc,Lorwyn Eclipsed Commander,commander,2026-01-23,153,149,97.4,covered
voc,Crimson Vow Commander,commander,2021-11-19,150,150,100.0,covered
mor,Morningtide,expansion,2008-02-01,150,150,100.0,covered
mbs,Mirrodin Besieged,expansion,2011-02-04,150,145,96.7,covered
mic,Midnight Hunt Commander,commander,2021-09-24,149,148,99.3,covered
hop,Planechase,planechase,2009-09-04,146,139,95.2,covered
wwk,Worldwake,expansion,2010-02-05,145,145,100.0,covered
lgn,Legions,expansion,2003-02-03,145,145,100.0,covered
con,Conflux,expansion,2009-02-06,145,145,100.0,covered
arb,Alara Reborn,expansion,2009-04-30,145,145,100.0,covered
all,Alliances,expansion,1996-06-10,144,89,61.8,covered
onc,Phyrexia: All Will Be One Commander,commander,2023-02-10,144,144,100.0,covered
apc,Apocalypse,expansion,2001-06-04,143,138,96.5,covered
scg,Scourge,expansion,2003-05-26,143,143,100.0,covered
woc,Wilds of Eldraine Commander,commander,2023-09-08,143,143,100.0,covered
pls,Planeshift,expansion,2001-02-05,143,143,100.0,covered
ulg,Urza's Legacy,expansion,1999-02-15,143,143,100.0,covered
jud,Judgment,expansion,2002-05-27,143,143,100.0,covered
tor,Torment,expansion,2002-02-04,143,143,100.0,covered
pcy,Prophecy,expansion,2000-06-05,143,143,100.0,covered
uds,Urza's Destiny,expansion,1999-06-07,143,143,100.0,covered
sth,Stronghold,expansion,1998-03-02,143,143,100.0,covered
exo,Exodus,expansion,1998-06-15,143,143,100.0,covered
nem,Nemesis,expansion,2000-02-14,143,143,100.0,covered
unh,Unhinged,funny,2004-11-19,141,136,96.5,covered
arc,Archenemy,archenemy,2010-06-18,141,135,95.7,covered
znc,Zendikar Rising Commander,commander,2020-09-25,140,137,97.9,covered
nec,Neon Dynasty Commander,commander,2022-02-18,139,139,100.0,covered
acr,Assassin's Creed,draft_innovation,2024-07-05,138,99,71.7,covered
pca,Planechase Anthology,planechase,2016-11-25,136,131,96.3,covered
pc2,Planechase 2012,planechase,2012-06-01,136,131,96.3,covered
gk2,RNA Guild Kit,box,2019-02-15,128,123,96.1,covered
gn3,Game Night: Free-for-All,box,2022-10-14,125,115,92.0,covered
gk1,GRN Guild Kit,box,2018-11-02,122,116,95.1,covered
tsb,Time Spiral Timeshifted,expansion,2006-10-06,121,120,99.2,covered
drk,The Dark,expansion,1994-08-01,119,119,100.0,covered
khc,Kaldheim Commander,commander,2021-02-05,119,119,100.0,covered
tmc,Teenage Mutant Ninja Turtles Eternal,eternal,2026-03-06,117,98,83.8,covered
chr,Chronicles,masters,1995-07-01,116,113,97.4,covered
hml,Homelands,expansion,1995-10-01,115,90,78.3,covered
brb,Battle Royale Box Set,box,1999-11-12,105,100,95.2,covered
fem,Fallen Empires,expansion,1994-11-01,102,67,65.7,covered
e01,Archenemy: Nicol Bolas,archenemy,2017-06-16,101,96,95.0,covered
dpa,Duels of the Planeswalkers,box,2010-06-04,101,92,91.1,covered
ugl,Unglued,funny,1998-08-11,88,86,97.7,covered
atq,Antiquities,expansion,1994-03-04,85,80,94.1,covered
btd,Beatdown Box Set,box,2000-10-01,82,76,92.7,covered
ath,Anthologies,box,1998-11-01,81,77,95.1,covered
und,Unsanctioned,funny,2020-02-29,79,69,87.3,covered
arn,Arabian Nights,expansion,1993-12-17,78,64,82.1,covered
ddj,Duel Decks: Izzet vs. Golgari,duel_deck,2012-09-07,78,70,89.7,covered
ddh,Duel Decks: Ajani vs. Nicol Bolas,duel_deck,2011-09-02,77,69,89.6,covered
ddm,Duel Decks: Jace vs. Vraska,duel_deck,2014-03-14,76,71,93.4,covered
ddf,Duel Decks: Elspeth vs. Tezzeret,duel_deck,2010-09-03,73,69,94.5,covered
ddg,Duel Decks: Knights vs. Dragons,duel_deck,2011-04-01,72,67,93.1,covered
ddn,Duel Decks: Speed vs. Cunning,duel_deck,2014-09-05,71,65,91.5,covered
ddk,Duel Decks: Sorin vs. Tibalt,duel_deck,2013-03-15,71,66,93.0,covered
ddu,Duel Decks: Elves vs. Inventors,duel_deck,2018-04-06,71,66,93.0,covered
ddi,Duel Decks: Venser vs. Koth,duel_deck,2012-03-30,70,65,92.9,covered
ddl,Duel Decks: Heroes vs. Monsters,duel_deck,2013-09-06,68,63,92.6,covered
ddp,Duel Decks: Zendikar vs. Eldrazi,duel_deck,2015-08-28,67,61,91.0,covered
ddq,Duel Decks: Blessed vs. Cursed,duel_deck,2016-02-26,67,62,92.5,covered
dde,Duel Decks: Phyrexia vs. the Coalition,duel_deck,2010-03-19,67,63,94.0,covered
mul,Multiverse Legends,masterpiece,2023-04-21,65,65,100.0,covered
sta,Strixhaven Mystical Archive,masterpiece,2021-04-23,63,63,100.0,covered
gnt,Game Night,box,2018-11-16,63,58,92.1,covered
wot,Wilds of Eldraine: Enchanting Tales,masterpiece,2023-09-08,63,63,100.0,covered
ddr,Duel Decks: Nissa vs. Ob Nixilis,duel_deck,2016-09-02,62,58,93.5,covered
gn2,Game Night 2019,box,2019-11-15,59,49,83.1,covered
slc,Secret Lair Countdown,box,2022-11-01,58,30,51.7,covered
ddo,Duel Decks: Elspeth vs. Kiora,duel_deck,2015-02-27,58,53,91.4,covered
ddt,Duel Decks: Merfolk vs. Goblins,duel_deck,2017-10-24,57,53,93.0,covered
ddd,Duel Decks: Garruk vs. Liliana,duel_deck,2009-10-30,57,53,93.0,covered
dds,Duel Decks: Mind vs. Might,duel_deck,2017-03-31,56,51,91.1,covered
dd2,Duel Decks: Jace vs. Chandra,duel_deck,2008-11-07,56,52,92.9,covered
evg,Duel Decks Anthology: Elves vs. Goblins,duel_deck,2014-12-05,56,52,92.9,covered
dd1,Duel Decks: Elves vs. Goblins,duel_deck,2007-11-16,56,52,92.9,covered
ddc,Duel Decks: Divine vs. Demonic,duel_deck,2009-04-10,56,52,92.9,covered
mp2,Amonkhet Invocations,masterpiece,2017-04-28,54,54,100.0,covered
mps,Kaladesh Inventions,masterpiece,2016-09-30,54,54,100.0,covered
cst,Coldsnap Theme Decks,box,2006-07-21,52,47,90.4,covered
mat,March of the Machine: The Aftermath,expansion,2023-05-12,50,50,100.0,covered
mar,Marvel Universe,masterpiece,2025-09-26,50,35,70.0,covered
e02,Explorers of Ixalan,box,2017-11-24,47,47,100.0,covered
exp,Zendikar Expeditions,masterpiece,2015-10-02,45,45,100.0,covered
dkm,Deckmasters,box,2001-12-01,44,39,88.6,covered
h09,Premium Deck Series: Slivers,premium_deck,2009-11-20,41,41,100.0,covered
gs1,Global Series Jiang Yanggu & Mu Yanling,duel_deck,2018-06-22,40,34,85.0,covered
pd2,Premium Deck Series: Fire and Lightning,premium_deck,2010-11-19,31,30,96.8,covered
zne,Zendikar Rising Expeditions,masterpiece,2020-09-25,30,30,100.0,covered
slx,Universes Within,masters,2022-03-03,30,30,100.0,covered
w17,Welcome Deck 2017,starter,2017-04-15,30,30,100.0,covered
big,The Big Score,expansion,2024-04-19,30,30,100.0,covered
pd3,Premium Deck Series: Graveborn,premium_deck,2011-11-18,27,27,100.0,covered
md1,Modern Event Deck 2014,box,2014-05-30,26,26,100.0,covered
spe,Marvel's Spider-Man Eternal,eternal,2025-09-26,26,20,76.9,covered
rex,Jurassic World Collection,eternal,2023-11-17,20,19,95.0,covered
s00,Starter 2000,starter,2000-04-01,20,19,95.0,covered
v13,From the Vault: Twenty,from_the_vault,2013-08-23,20,20,100.0,covered
msh,Marvel Super Heroes,expansion,2026-06-26,16,14,87.5,covered
v17,From the Vault: Transform,from_the_vault,2017-11-24,16,15,93.8,covered
w16,Welcome Deck 2016,starter,2016-04-08,16,16,100.0,covered
v12,From the Vault: Realms,from_the_vault,2012-08-31,15,15,100.0,covered
v09,From the Vault: Exiled,from_the_vault,2009-08-28,15,15,100.0,covered
v16,From the Vault: Lore,from_the_vault,2016-08-19,15,15,100.0,covered
v15,From the Vault: Angels,from_the_vault,2015-08-21,15,15,100.0,covered
v11,From the Vault: Legends,from_the_vault,2011-08-26,15,15,100.0,covered
bot,Transformers,eternal,2022-11-18,15,15,100.0,covered
v10,From the Vault: Relics,from_the_vault,2010-08-27,15,15,100.0,covered
v14,From the Vault: Annihilation,from_the_vault,2014-08-22,15,15,100.0,covered
cc1,Commander Collection: Green,arsenal,2020-12-04,8,8,100.0,covered
cc2,Commander Collection: Black,arsenal,2022-01-28,8,8,100.0,covered
ss3,Signature Spellbook: Chandra,spellbook,2020-06-26,8,8,100.0,covered
ss1,Signature Spellbook: Jace,spellbook,2018-06-15,8,8,100.0,covered
ss2,Signature Spellbook: Gideon,spellbook,2019-06-28,8,8,100.0,covered
ced,Collectors' Edition,memorabilia,1993-12-10,292,286,97.9,non-paper (expected)
cei,Intl. Collectors' Edition,memorabilia,1993-12-10,292,0,0.0,non-paper (expected)
30a,30th Anniversary Edition,memorabilia,2022-11-28,286,0,0.0,non-paper (expected)
ptc,Pro Tour Collector Set,memorabilia,1996-05-01,116,0,0.0,non-paper (expected)
wc98,World Championship Decks 1998,memorabilia,1998-08-12,89,0,0.0,non-paper (expected)
wc00,World Championship Decks 2000,memorabilia,2000-08-02,87,0,0.0,non-paper (expected)
wc03,World Championship Decks 2003,memorabilia,2003-08-06,86,0,0.0,non-paper (expected)
wc99,World Championship Decks 1999,memorabilia,1999-08-04,76,0,0.0,non-paper (expected)
wc97,World Championship Decks 1997,memorabilia,1997-08-13,74,0,0.0,non-paper (expected)
wc01,World Championship Decks 2001,memorabilia,2001-08-08,74,0,0.0,non-paper (expected)
wc02,World Championship Decks 2002,memorabilia,2002-12-01,70,0,0.0,non-paper (expected)
olep,Oversized League Prizes,memorabilia,1997-05-30,68,0,0.0,non-paper (expected)
wc04,World Championship Decks 2004,memorabilia,2004-09-01,66,0,0.0,non-paper (expected)
jtla,Avatar: The Last Airbender Jumpstart Front Cards,memorabilia,2025-11-21,45,0,0.0,non-paper (expected)
fj22,Jumpstart 2022 Front Cards,memorabilia,2022-12-02,41,0,0.0,non-paper (expected)
fjmp,Jumpstart Front Cards,memorabilia,2020-06-18,37,0,0.0,non-paper (expected)
olgc,Legacy Championship,memorabilia,2011-08-06,21,0,0.0,non-paper (expected)
ocmd,Commander 2011 Oversized,memorabilia,2011-06-17,15,0,0.0,non-paper (expected)
oc13,Commander 2013 Oversized,memorabilia,2013-11-01,15,0,0.0,non-paper (expected)
ovnt,Vintage Championship,memorabilia,2003-07-24,13,0,0.0,non-paper (expected)
tfth,Face the Hydra,memorabilia,2013-10-19,10,0,0.0,non-paper (expected)
fclu,Ravnica: Clue Edition Front Cards,memorabilia,2024-02-23,10,0,0.0,non-paper (expected)
fdmu,Dominaria United Jumpstart Front Cards,memorabilia,2022-09-09,10,0,0.0,non-paper (expected)
tbth,Battle the Horde,memorabilia,2014-03-01,10,0,0.0,non-paper (expected)
ocm1,Commander's Arsenal Oversized,memorabilia,2012-11-02,10,0,0.0,non-paper (expected)
fltr,Tales of Middle-earth Front Cards,memorabilia,2023-06-23,10,0,0.0,non-paper (expected)
o90p,Oversized 90's Promos,memorabilia,1995-08-01,9,0,0.0,non-paper (expected)
pcel,Celebration Cards,memorabilia,1993-11-01,9,0,0.0,non-paper (expected)
tdag,Defeat a God,memorabilia,2014-05-25,8,0,0.0,non-paper (expected)
ffdn,Foundations Front Cards,memorabilia,2024-11-15,7,0,0.0,non-paper (expected)
thp1,Theros Hero's Path,memorabilia,2013-09-27,7,0,0.0,non-paper (expected)
thp2,Born of the Gods Hero's Path,memorabilia,2014-02-07,7,0,0.0,non-paper (expected)
thp3,Journey into Nyx Hero's Path,memorabilia,2014-05-02,7,0,0.0,non-paper (expected)
ftla,Avatar: The Last Airbender Beginner Box Front Cards,memorabilia,2025-11-21,6,0,0.0,non-paper (expected)
oc16,Commander 2016 Oversized,memorabilia,2016-11-11,5,0,0.0,non-paper (expected)
fmom,March of the Machine Jumpstart Front Cards,memorabilia,2023-04-21,5,0,0.0,non-paper (expected)
oc15,Commander 2015 Oversized,memorabilia,2015-11-13,5,0,0.0,non-paper (expected)
oc20,Commander 2020 Oversized,memorabilia,2020-04-17,5,0,0.0,non-paper (expected)
oc21,Commander 2021 Display Commanders,memorabilia,2021-04-23,5,0,0.0,non-paper (expected)
phel,Open the Helvault,memorabilia,2012-04-28,5,0,0.0,non-paper (expected)
oc14,Commander 2014 Oversized,memorabilia,2014-11-07,5,0,0.0,non-paper (expected)
fone,Phyrexia: All Will Be One Jumpstart Front Cards,memorabilia,2023-02-03,5,0,0.0,non-paper (expected)
pcmd,Commander 2011 Launch Party,memorabilia,2011-06-17,5,0,0.0,non-paper (expected)
ftmc,Teenage Mutant Ninja Turtles Eternal Front Cards,memorabilia,2026-03-06,5,0,0.0,non-paper (expected)
fbro,The Brothers' War Jumpstart Front Cards,memorabilia,2022-11-18,5,0,0.0,non-paper (expected)
oc19,Commander 2019 Oversized,memorabilia,2019-08-31,4,0,0.0,non-paper (expected)
oc17,Commander 2017 Oversized,memorabilia,2017-08-25,4,0,0.0,non-paper (expected)
oafc,Forgotten Realms Commander Display Commanders,memorabilia,2021-07-23,4,0,0.0,non-paper (expected)
oc18,Commander 2018 Oversized,memorabilia,2018-08-09,4,0,0.0,non-paper (expected)
twoe,Wilds of Eldraine Tokens,token,2023-09-08,3,0,0.0,non-paper (expected)
tafr,Adventures in the Forgotten Realms Tokens,token,2021-07-23,3,0,0.0,non-paper (expected)
oafr,Forgotten Realms Oversized Cards,memorabilia,2021-07-23,3,0,0.0,non-paper (expected)
ovoc,Crimson Vow Commander Display Commanders,memorabilia,2021-11-19,2,0,0.0,non-paper (expected)
omic,Midnight Hunt Commander Display Commanders,memorabilia,2021-09-24,2,0,0.0,non-paper (expected)
twoc,Wilds of Eldraine Commander Tokens,token,2023-09-08,2,0,0.0,non-paper (expected)
pmic,MicroProse Promos,memorabilia,1997-04-01,1,0,0.0,non-paper (expected)
tone,Phyrexia: All Will Be One Tokens,token,2023-02-03,1,0,0.0,non-paper (expected)
smom,March of the Machine Substitute Cards,token,2023-04-21,1,0,0.0,non-paper (expected)
smh3,Modern Horizons 3 Substitute Cards,token,2024-06-14,1,0,0.0,non-paper (expected)
ttdc,Tarkir: Dragonstorm Commander Tokens,token,2025-04-11,1,0,0.0,non-paper (expected)
tc15,Commander 2015 Tokens,token,2015-11-13,1,0,0.0,non-paper (expected)
sstx,Strixhaven: School of Mages Substitute Cards,token,2021-04-23,1,0,0.0,non-paper (expected)
skhm,Kaldheim Substitute Cards,token,2021-02-05,1,0,0.0,non-paper (expected)
smid,Innistrad: Midnight Hunt Substitute Cards,token,2021-09-24,1,0,0.0,non-paper (expected)
sznr,Zendikar Rising Substitute Cards,token,2020-09-25,1,0,0.0,non-paper (expected)
slci,The Lost Caverns of Ixalan Substitute Cards,token,2023-11-17,1,0,0.0,non-paper (expected)
tunf,Unfinity Tokens,token,2022-10-07,1,0,0.0,non-paper (expected)
sbro,The Brothers' War Substitute Cards,token,2022-11-18,1,0,0.0,non-paper (expected)
svow,Innistrad: Crimson Vow Substitute Cards,token,2021-11-19,1,0,0.0,non-paper (expected)
sneo,Kamigawa: Neon Dynasty Substitute Cards,token,2022-02-18,1,0,0.0,non-paper (expected)
tecc,Lorwyn Eclipsed Commander Tokens,token,2026-01-23,1,0,0.0,non-paper (expected)
tund,Unsanctioned Tokens,token,2020-02-29,1,0,0.0,non-paper (expected)
tsom,Scars of Mirrodin Tokens,token,2010-10-01,1,0,0.0,non-paper (expected)
tcma,Commander Anthology Tokens,token,2017-06-09,1,0,0.0,non-paper (expected)
tblc,Bloomburrow Commander Tokens,token,2024-08-02,1,0,0.0,non-paper (expected)
tcm2,Commander Anthology Volume II Tokens,token,2018-06-08,1,0,0.0,non-paper (expected)
ppc1,M15 Prerelease Challenge,memorabilia,2014-07-12,1,0,0.0,non-paper (expected)
tclb,Battle for Baldur's Gate Tokens,token,2022-06-10,1,0,0.0,non-paper (expected)
tnph,New Phyrexia Tokens,token,2011-05-13,1,0,0.0,non-paper (expected)
tmbs,Mirrodin Besieged Tokens,token,2011-02-04,1,0,0.0,non-paper (expected)
sld,Secret Lair Drop,box,2019-12-03,1579,9,0.6,partial
sos,Secrets of Strixhaven,expansion,2026-04-24,271,9,3.3,partial
brc,The Brothers' War Commander,commander,2022-11-18,176,14,8.0,partial
pznr,Zendikar Rising Promos,promo,2020-09-25,84,1,1.2,partial
pthb,Theros Beyond Death Promos,promo,2020-01-24,68,1,1.5,partial
peld,Throne of Eldraine Promos,promo,2019-10-04,68,1,1.5,partial
soa,Secrets of Strixhaven Mystical Archive,masterpiece,2026-04-24,65,1,1.5,partial
slp,Secret Lair Promo,promo,2023-02-19,49,8,16.3,partial
slu,Secret Lair: Ultimate Edition,box,2020-06-12,16,5,31.2,partial
pf19,MagicFest 2019,promo,2019-01-01,7,2,28.6,partial
pf20,MagicFest 2020,promo,2020-01-01,6,1,16.7,partial
